comuna,ica,fecha,id
comuna 12,13,2024-01-30,37131
comuna 12,95,2024-06-25,26694
comuna 14,64,2024-06-23,4339
comuna 11,52,2024-06-23,46041
comuna 10,23,2024-06-25,13326
comuna 15,61,2024-06-23,20470
comuna 10,28,2024-01-30,33053
comuna 11,15,2024-01-30,32738
comuna 7,37,2024-06-25,42999
comuna 14,20,2024-01-30,11736
comuna 8,41,2024-01-30,28365
comuna 9,85,2024-06-25,37541
comuna 15,10,2024-07-31,5298
comuna 5,73,2024-06-23,35746
comuna 7,79,2024-06-25,10637
comuna 4,90,2024-01-30,44912
comuna 7,52,2024-06-25,46064
comuna 10,29,2024-06-23,63
comuna 3,63,2024-07-31,11532
comuna 4,38,2024-01-30,1714
comuna 7,52,2024-01-30,24694
comuna 3,12,2024-06-25,44055
comuna 13,11,2024-06-25,43138
comuna 6,75,2024-06-25,47639
comuna 16,31,2024-01-30,45187
comuna 13,73,2024-06-23,34538
comuna 3,40,2024-07-31,13194
comuna 4,31,2024-01-30,16902
comuna 10,96,2024-07-31,5047
comuna 16,71,2024-07-31,49288
comuna 14,71,2024-07-31,13521
comuna 6,22,2024-06-23,45628
comuna 16,11,2024-01-30,24377
comuna 15,70,2024-06-25,38471
comuna 3,44,2024-06-23,49339
comuna 1,55,2024-07-31,47511
comuna 5,47,2024-01-30,8928
comuna 13,87,2024-06-23,24635
comuna 16,55,2024-06-23,46161
comuna 12,58,2024-07-31,2936
comuna 3,61,2024-07-31,16872
comuna 6,42,2024-06-23,23690
comuna 9,23,2024-07-31,42800
comuna 10,99,2024-01-30,2893
comuna 16,75,2024-06-25,34121
comuna 10,100,2024-01-30,26
comuna 5,43,2024-01-30,12030
comuna 13,60,2024-06-23,31087
comuna 8,74,2024-06-23,43014
comuna 13,14,2024-07-31,35889
comuna 7,54,2024-07-31,8464
comuna 3,59,2024-01-30,6660
comuna 5,56,2024-06-23,48567
comuna 14,51,2024-06-23,25934
comuna 3,27,2024-07-31,18252
comuna 14,75,2024-01-30,35707
comuna 12,53,2024-01-30,22224
comuna 14,53,2024-07-31,41057
comuna 2,48,2024-07-31,28450
comuna 3,42,2024-01-30,29147
comuna 11,27,2024-06-23,4588
comuna 11,46,2024-06-25,45545
comuna 3,50,2024-06-23,18880
comuna 10,77,2024-01-30,27653
comuna 4,17,2024-07-31,45012
comuna 1,87,2024-07-31,42488
comuna 11,54,2024-01-30,25239
comuna 6,65,2024-07-31,34178
comuna 13,89,2024-06-25,2866
comuna 15,21,2024-07-31,38005
comuna 13,25,2024-06-23,43021
comuna 7,13,2024-07-31,32281
comuna 7,99,2024-06-23,30385
comuna 10,49,2024-06-23,27514
comuna 3,85,2024-06-23,11936
comuna 3,31,2024-06-23,11654
comuna 4,91,2024-06-25,11692
comuna 3,14,2024-06-25,23919
comuna 16,32,2024-07-31,26581
comuna 10,78,2024-06-23,6076
comuna 7,35,2024-06-23,19608
comuna 7,99,2024-07-31,15083
comuna 15,72,2024-01-30,19898
comuna 14,35,2024-06-25,41599
comuna 10,67,2024-06-23,37118
comuna 8,93,2024-06-23,41237
comuna 10,20,2024-07-31,29168
comuna 7,91,2024-06-23,5742
comuna 1,80,2024-06-23,22022
comuna 8,74,2024-06-25,2983
comuna 12,24,2024-01-30,44786
comuna 7,23,2024-07-31,11551
comuna 5,20,2024-06-25,27967
comuna 5,82,2024-01-30,19775
comuna 7,75,2024-07-31,37646
comuna 9,94,2024-01-30,803
comuna 10,91,2024-06-25,27238
comuna 15,16,2024-07-31,7319
comuna 2,53,2024-06-23,21487
comuna 14,69,2024-01-30,28209
comuna 13,12,2024-01-30,29653
comuna 10,65,2024-06-25,19505
comuna 5,38,2024-07-31,13160
comuna 16,68,2024-07-31,5888
comuna 11,19,2024-01-30,6799
comuna 2,36,2024-06-25,46425
comuna 8,16,2024-06-23,40642
comuna 4,88,2024-01-30,36797
comuna 14,87,2024-07-31,47582
comuna 16,10,2024-06-25,37239
comuna 16,88,2024-01-30,10087
comuna 9,82,2024-06-23,1561
comuna 4,69,2024-06-23,30857
comuna 1,55,2024-07-31,18329
comuna 5,30,2024-06-25,34884
comuna 14,33,2024-06-23,40632
comuna 6,40,2024-06-25,13435
comuna 3,25,2024-06-23,7759
comuna 6,99,2024-07-31,14907
comuna 15,26,2024-07-31,26131
comuna 3,45,2024-06-25,32556
comuna 13,91,2024-06-25,41652
comuna 5,11,2024-06-25,12827
comuna 2,64,2024-06-25,44709
comuna 5,74,2024-07-31,2534
comuna 8,28,2024-06-25,17275
comuna 7,36,2024-06-25,10315
comuna 11,64,2024-06-25,42430
comuna 3,95,2024-06-25,47590
comuna 3,97,2024-07-31,25570
comuna 4,85,2024-07-31,20513
comuna 15,86,2024-07-31,13880
comuna 1,87,2024-06-23,39683
comuna 2,70,2024-01-30,12957
comuna 16,49,2024-06-23,6415
comuna 15,59,2024-06-23,24678
comuna 1,36,2024-01-30,36835
comuna 15,15,2024-06-25,487
comuna 2,80,2024-06-25,22831
comuna 6,33,2024-06-25,494
comuna 1,21,2024-01-30,46953
comuna 11,52,2024-01-30,25300
comuna 14,11,2024-01-30,14108
comuna 11,39,2024-07-31,2872
comuna 3,41,2024-07-31,16917
comuna 15,72,2024-06-23,13666
comuna 10,92,2024-07-31,29257
comuna 8,95,2024-01-30,48846
comuna 4,66,2024-06-23,38625
comuna 2,85,2024-06-25,24727
comuna 1,24,2024-01-30,15964
comuna 10,70,2024-06-23,27168
comuna 5,79,2024-06-23,13450
comuna 2,68,2024-07-31,36196
comuna 9,87,2024-07-31,11548
comuna 1,59,2024-06-25,38877
comuna 12,60,2024-07-31,36990
comuna 13,43,2024-06-23,14475
comuna 15,22,2024-01-30,5770
comuna 2,71,2024-07-31,22075
comuna 7,32,2024-06-23,457
comuna 7,69,2024-01-30,37652
comuna 14,60,2024-06-23,12063
comuna 9,92,2024-06-23,48852
comuna 13,42,2024-06-23,12552
comuna 5,19,2024-01-30,37617
comuna 7,92,2024-06-25,22068
comuna 3,95,2024-06-23,43246
comuna 1,56,2024-07-31,32339
comuna 3,83,2024-06-25,2383
comuna 11,85,2024-06-23,23269
comuna 7,26,2024-01-30,34222
comuna 14,51,2024-06-25,25075
comuna 16,33,2024-07-31,33546
comuna 14,93,2024-06-25,14194
comuna 16,81,2024-06-23,1244
comuna 6,70,2024-01-30,10980
comuna 2,22,2024-06-25,38978
comuna 12,94,2024-07-31,20945
comuna 11,90,2024-06-25,24207
comuna 14,44,2024-06-25,26724
comuna 15,59,2024-06-25,5463
comuna 1,35,2024-07-31,13421
comuna 15,39,2024-07-31,26461
comuna 8,86,2024-06-23,47956
comuna 12,66,2024-06-25,8686
comuna 10,20,2024-07-31,13348
comuna 4,74,2024-06-23,46504
comuna 11,96,2024-06-25,45001
comuna 4,77,2024-06-23,38070
comuna 4,96,2024-06-23,14768
comuna 16,77,2024-06-25,32849
comuna 16,83,2024-06-25,13606
comuna 9,61,2024-01-30,19428
comuna 6,82,2024-06-25,8601
comuna 1,71,2024-06-25,11491
comuna 10,64,2024-01-30,35078
comuna 3,17,2024-01-30,19134
comuna 7,67,2024-06-25,1425
comuna 13,14,2024-07-31,7169
comuna 1,99,2024-07-31,47092
comuna 15,52,2024-06-25,44870
comuna 15,90,2024-06-23,47121
comuna 14,30,2024-07-31,34111
comuna 10,16,2024-06-25,17167
comuna 8,16,2024-06-23,1482
comuna 13,74,2024-07-31,4073
comuna 8,50,2024-07-31,2640
comuna 10,73,2024-06-25,15584
comuna 6,55,2024-01-30,13572
comuna 10,40,2024-07-31,45981
comuna 9,44,2024-06-25,26939
comuna 15,44,2024-01-30,3066
comuna 2,88,2024-06-25,12880
comuna 5,97,2024-06-25,6958
comuna 10,73,2024-06-25,20856
comuna 9,71,2024-07-31,6792
comuna 15,98,2024-06-23,31681
comuna 1,56,2024-01-30,26544
comuna 1,47,2024-06-25,42843
comuna 14,23,2024-06-25,16305
comuna 11,47,2024-01-30,36421
comuna 4,73,2024-07-31,20820
comuna 14,22,2024-06-23,46480
comuna 7,91,2024-06-25,47266
comuna 3,48,2024-07-31,14355
comuna 9,52,2024-07-31,11414
comuna 16,20,2024-07-31,29850
comuna 15,68,2024-06-25,46210
comuna 4,75,2024-06-23,47000
comuna 9,100,2024-06-25,8157
comuna 11,68,2024-06-25,25098
comuna 2,81,2024-06-23,10397
comuna 5,79,2024-06-25,4932
comuna 12,25,2024-06-23,48427
comuna 14,31,2024-06-25,34455
comuna 16,81,2024-01-30,40011
comuna 13,98,2024-07-31,7075
comuna 4,22,2024-06-25,23045
comuna 7,56,2024-06-23,29624
comuna 13,22,2024-06-23,6756
comuna 5,98,2024-06-25,6284
comuna 11,83,2024-06-23,9058
comuna 2,36,2024-07-31,26832
comuna 4,64,2024-01-30,5604
comuna 4,61,2024-01-30,49935
comuna 10,41,2024-01-30,24046
comuna 15,86,2024-06-23,41226
comuna 5,77,2024-01-30,684
comuna 2,73,2024-06-23,15960
comuna 16,51,2024-01-30,25716
comuna 16,64,2024-01-30,7834
comuna 12,30,2024-07-31,32800
comuna 7,69,2024-06-25,20093
comuna 5,98,2024-06-23,40763
comuna 14,38,2024-01-30,25927
comuna 6,100,2024-06-25,27832
comuna 15,63,2024-01-30,45338
comuna 16,43,2024-01-30,15986
comuna 10,87,2024-01-30,10741
comuna 4,68,2024-06-23,5528
comuna 1,66,2024-06-25,49006
comuna 11,53,2024-06-25,44210
comuna 16,45,2024-07-31,35552
comuna 6,96,2024-06-23,9343
comuna 15,75,2024-01-30,36157
comuna 5,59,2024-06-25,20266
comuna 2,19,2024-01-30,12942
comuna 6,15,2024-01-30,28623
comuna 9,82,2024-06-25,18473
comuna 13,39,2024-06-25,16661
comuna 16,32,2024-07-31,42742
comuna 4,56,2024-06-25,2392
comuna 14,64,2024-01-30,3794
comuna 10,36,2024-07-31,5281
comuna 7,13,2024-06-23,1936
comuna 2,10,2024-06-25,38103
comuna 16,78,2024-01-30,27673
comuna 1,16,2024-06-25,6265
comuna 10,55,2024-06-25,11779
comuna 7,93,2024-06-23,21133
comuna 2,57,2024-07-31,33985
comuna 1,80,2024-06-25,2698
comuna 6,41,2024-07-31,13879
comuna 16,87,2024-01-30,42745
comuna 13,71,2024-01-30,78
comuna 5,66,2024-06-23,125
comuna 5,70,2024-06-25,1638
comuna 3,90,2024-06-25,14718
comuna 5,85,2024-01-30,18579
comuna 6,96,2024-01-30,16756
comuna 13,73,2024-06-23,32184
comuna 5,66,2024-07-31,44577
comuna 8,80,2024-01-30,27847
comuna 14,86,2024-06-25,38440
comuna 6,94,2024-07-31,8627
comuna 3,35,2024-06-25,13876
comuna 15,85,2024-06-23,14556
comuna 16,93,2024-06-23,18759
comuna 7,89,2024-07-31,48089
comuna 11,80,2024-01-30,43704
comuna 15,50,2024-01-30,20063
comuna 3,79,2024-06-23,15785
comuna 12,16,2024-06-23,23627
comuna 4,43,2024-07-31,33834
comuna 12,16,2024-06-25,39555
comuna 7,85,2024-06-23,47112
comuna 4,12,2024-06-23,46252
comuna 1,41,2024-06-23,11149
comuna 2,62,2024-01-30,4340
comuna 5,16,2024-06-25,20304
comuna 13,24,2024-06-23,5724
comuna 8,94,2024-01-30,29849
comuna 14,60,2024-07-31,31618
comuna 2,19,2024-01-30,41748
comuna 15,86,2024-06-23,26946
comuna 6,24,2024-06-23,33920
comuna 12,100,2024-01-30,24267
comuna 12,41,2024-07-31,40898
comuna 6,26,2024-06-25,23277
comuna 16,40,2024-07-31,47120
comuna 10,35,2024-01-30,44265
comuna 14,87,2024-07-31,24869
comuna 10,98,2024-01-30,1891
comuna 3,87,2024-06-25,4799
comuna 9,21,2024-06-23,39966
comuna 4,45,2024-06-23,28152
comuna 8,49,2024-06-25,27775
comuna 3,68,2024-01-30,23825
comuna 8,40,2024-01-30,36525
comuna 9,22,2024-01-30,42947
comuna 7,32,2024-01-30,45035
comuna 7,89,2024-01-30,14537
comuna 2,18,2024-06-23,49951
comuna 8,30,2024-06-25,17315
comuna 12,78,2024-01-30,24467
comuna 10,93,2024-01-30,28920
comuna 6,17,2024-06-25,45386
comuna 10,57,2024-06-25,20186
comuna 8,100,2024-06-23,24466
comuna 11,33,2024-01-30,45042
comuna 10,92,2024-07-31,24616
comuna 13,18,2024-01-30,41614
comuna 13,94,2024-01-30,32877
comuna 16,96,2024-06-23,26973
comuna 16,29,2024-01-30,47898
comuna 8,72,2024-01-30,21029
comuna 15,50,2024-01-30,29668
comuna 8,90,2024-07-31,4371
comuna 5,90,2024-06-23,20089
comuna 8,51,2024-06-25,3541
comuna 9,12,2024-06-23,13138
comuna 15,57,2024-06-23,1084
comuna 2,52,2024-06-25,28430
comuna 1,34,2024-07-31,31737
comuna 14,98,2024-01-30,24770
comuna 11,99,2024-06-23,32634
comuna 10,68,2024-07-31,38734
comuna 14,47,2024-07-31,12919
comuna 9,81,2024-01-30,1177
comuna 14,48,2024-01-30,5972
comuna 14,33,2024-06-25,4955
comuna 16,92,2024-06-23,39886
comuna 1,49,2024-06-25,43531
comuna 1,89,2024-06-23,26915
comuna 16,29,2024-06-23,33686
comuna 9,48,2024-06-25,3786
comuna 3,72,2024-01-30,21731
comuna 13,13,2024-06-25,36383
comuna 6,12,2024-06-23,3444
comuna 9,24,2024-01-30,37410
comuna 5,73,2024-06-23,39304
comuna 6,18,2024-06-25,18873
comuna 16,19,2024-01-30,14325
comuna 15,82,2024-01-30,42705
comuna 10,39,2024-06-23,23133
comuna 6,52,2024-07-31,18923
comuna 15,22,2024-01-30,29200
comuna 6,25,2024-06-25,19760
comuna 1,68,2024-06-23,9218
comuna 5,28,2024-06-25,38376
comuna 3,31,2024-06-25,12893
comuna 5,12,2024-01-30,21658
comuna 8,20,2024-06-23,10340
comuna 8,87,2024-01-30,8673
comuna 8,50,2024-06-25,47229
comuna 13,100,2024-06-25,32200
comuna 11,73,2024-01-30,34960
comuna 15,71,2024-06-25,39918
comuna 9,56,2024-06-25,1400
comuna 6,65,2024-06-23,47229
comuna 1,96,2024-07-31,7227
comuna 11,23,2024-01-30,12405
comuna 15,33,2024-01-30,7207
comuna 6,74,2024-07-31,2446
comuna 1,44,2024-06-25,18165
comuna 11,24,2024-07-31,12120
comuna 15,71,2024-06-23,25204
comuna 4,67,2024-07-31,22776
comuna 2,48,2024-01-30,33314
comuna 6,54,2024-07-31,23632
comuna 12,94,2024-06-25,7685
comuna 16,50,2024-06-25,25508
comuna 12,24,2024-01-30,15436
comuna 8,34,2024-07-31,21524
comuna 11,69,2024-06-23,28792
comuna 12,25,2024-07-31,4623
comuna 12,16,2024-01-30,1938
comuna 6,23,2024-07-31,33701
comuna 8,15,2024-07-31,33132
comuna 6,27,2024-06-25,40527
comuna 1,36,2024-01-30,38144
comuna 1,15,2024-07-31,17426
comuna 2,51,2024-06-25,49334
comuna 4,37,2024-01-30,15542
comuna 11,97,2024-07-31,17645
comuna 16,40,2024-01-30,47149
comuna 15,45,2024-06-25,10992
comuna 8,61,2024-07-31,21928
comuna 14,95,2024-06-25,43752
comuna 6,24,2024-06-23,39653
comuna 16,30,2024-06-23,4243
comuna 10,57,2024-06-25,14461
comuna 10,49,2024-06-23,375
comuna 9,76,2024-07-31,48386
comuna 10,49,2024-06-23,13273
comuna 10,60,2024-06-23,12705
comuna 11,52,2024-06-23,47010
comuna 15,32,2024-07-31,21990
comuna 7,76,2024-06-25,5243
comuna 7,47,2024-07-31,27010
comuna 16,77,2024-06-25,30564
comuna 4,18,2024-07-31,22516
comuna 7,47,2024-06-23,41923
comuna 5,29,2024-06-25,40171
comuna 9,24,2024-06-23,13240
comuna 1,60,2024-06-25,43260
comuna 15,21,2024-06-23,372
comuna 2,94,2024-07-31,32457
comuna 5,27,2024-07-31,29972
comuna 2,70,2024-01-30,33447
comuna 10,38,2024-06-23,9282
comuna 2,78,2024-07-31,30329
comuna 4,27,2024-07-31,38984
comuna 13,24,2024-07-31,25320
comuna 12,40,2024-06-23,26069
comuna 15,60,2024-01-30,16202
comuna 9,65,2024-07-31,20116
comuna 12,30,2024-07-31,16999
comuna 1,61,2024-07-31,32289
comuna 5,34,2024-01-30,27622
comuna 9,32,2024-06-23,40997
comuna 16,98,2024-01-30,13847
comuna 15,87,2024-01-30,26478
comuna 8,61,2024-06-23,34215
comuna 8,43,2024-06-25,7031
comuna 4,88,2024-07-31,21807
comuna 7,27,2024-01-30,20078
comuna 6,95,2024-07-31,20866
comuna 10,19,2024-07-31,48846
comuna 15,68,2024-01-30,34411
comuna 14,26,2024-01-30,26214
comuna 3,27,2024-06-23,41643
comuna 12,78,2024-07-31,17433
comuna 16,52,2024-01-30,48240
comuna 11,29,2024-01-30,37288
comuna 14,52,2024-07-31,18612
comuna 10,19,2024-06-23,45842
comuna 15,61,2024-01-30,5263
comuna 12,65,2024-07-31,27164
comuna 12,75,2024-01-30,32951
comuna 16,79,2024-06-25,25480
comuna 3,58,2024-01-30,15554
comuna 1,52,2024-06-23,38930
comuna 14,66,2024-06-23,11687
comuna 8,22,2024-01-30,42415
comuna 16,76,2024-01-30,35649
comuna 6,99,2024-07-31,83
comuna 13,95,2024-06-23,36857
comuna 1,56,2024-06-23,19679
comuna 9,33,2024-07-31,2636
comuna 4,20,2024-01-30,18014
comuna 3,61,2024-06-25,47853
comuna 5,60,2024-07-31,1980
comuna 12,24,2024-06-25,35345
comuna 13,57,2024-06-23,41720
comuna 6,95,2024-01-30,29947
comuna 6,27,2024-06-25,18228
comuna 10,40,2024-07-31,46199
comuna 8,18,2024-07-31,6221
comuna 14,22,2024-07-31,1622
comuna 4,14,2024-06-23,48177
comuna 2,62,2024-07-31,15227
comuna 10,43,2024-07-31,14232
comuna 5,11,2024-07-31,10103
comuna 7,83,2024-06-23,47215
comuna 7,68,2024-06-25,45783
comuna 1,30,2024-01-30,41511
comuna 7,70,2024-06-23,26855
comuna 15,55,2024-06-23,32706
comuna 2,81,2024-06-25,1822
comuna 13,42,2024-06-25,10504
comuna 8,41,2024-06-25,11495
comuna 13,74,2024-07-31,5691
comuna 10,65,2024-06-25,10714
comuna 14,36,2024-01-30,27230
comuna 7,97,2024-06-23,20274
comuna 8,10,2024-06-25,9035
comuna 11,70,2024-01-30,9132
comuna 11,83,2024-01-30,1352
comuna 2,50,2024-06-23,23640
comuna 11,59,2024-06-25,48375
comuna 8,32,2024-06-23,2556
comuna 13,72,2024-06-23,43022
comuna 14,79,2024-01-30,10364
comuna 15,66,2024-06-25,25627
comuna 10,42,2024-01-30,45026
comuna 11,78,2024-06-25,10144
comuna 10,66,2024-01-30,3322
comuna 1,41,2024-06-25,42243
comuna 6,32,2024-06-25,47696
comuna 4,70,2024-06-25,2992
comuna 9,16,2024-01-30,24491
comuna 6,61,2024-07-31,25317
comuna 2,15,2024-06-23,33394
comuna 4,61,2024-06-25,38664
comuna 8,43,2024-01-30,7849
comuna 16,50,2024-06-23,5693
comuna 5,21,2024-06-23,40696
comuna 2,34,2024-06-25,10523
comuna 6,86,2024-01-30,33766
comuna 6,53,2024-06-25,46128
comuna 11,62,2024-07-31,12027
comuna 10,13,2024-06-25,14328
comuna 16,20,2024-07-31,28852
comuna 8,99,2024-07-31,12508
comuna 15,12,2024-01-30,4049
comuna 13,31,2024-06-23,39122
comuna 12,42,2024-01-30,23121
comuna 4,76,2024-06-25,32822
comuna 12,94,2024-07-31,39118
comuna 4,75,2024-07-31,23810
comuna 3,68,2024-06-25,7668
comuna 7,44,2024-01-30,23295
comuna 13,92,2024-06-23,22338
comuna 7,44,2024-01-30,25595
comuna 11,89,2024-07-31,29514
comuna 2,61,2024-06-23,36641
comuna 7,83,2024-01-30,27501
comuna 2,71,2024-01-30,35314
comuna 2,50,2024-06-23,23984
comuna 4,10,2024-07-31,895
comuna 10,83,2024-01-30,4763
comuna 7,40,2024-01-30,45705
comuna 9,41,2024-06-25,28264
comuna 10,25,2024-01-30,38603
comuna 3,97,2024-06-23,5015
comuna 7,96,2024-07-31,22732
comuna 15,36,2024-01-30,13761
comuna 1,20,2024-06-25,46408
comuna 3,57,2024-01-30,28371
comuna 10,32,2024-01-30,25188
comuna 5,62,2024-06-25,27093
comuna 8,20,2024-06-25,44468
comuna 1,77,2024-06-25,49584
comuna 15,53,2024-06-25,48521
comuna 4,66,2024-01-30,38561
comuna 11,17,2024-06-25,22243
comuna 4,37,2024-01-30,397
comuna 5,53,2024-01-30,49895
comuna 12,76,2024-07-31,21791
comuna 9,87,2024-07-31,3541
comuna 1,24,2024-01-30,28184
comuna 9,70,2024-06-25,19927
comuna 10,39,2024-06-25,45255
comuna 15,78,2024-01-30,45495
comuna 11,80,2024-01-30,27767
comuna 14,37,2024-06-25,2668
comuna 10,95,2024-07-31,49288
comuna 13,28,2024-06-25,45751
comuna 1,67,2024-07-31,3583
comuna 15,77,2024-01-30,24722
comuna 15,41,2024-06-25,32368
comuna 9,65,2024-06-23,8716
comuna 5,85,2024-01-30,44814
comuna 13,73,2024-01-30,2668
comuna 7,76,2024-01-30,40835
comuna 2,56,2024-01-30,24797
comuna 11,26,2024-06-23,18188
comuna 7,84,2024-06-23,39087
comuna 2,93,2024-06-23,18489
comuna 3,68,2024-06-23,33444
comuna 2,10,2024-06-25,33522
comuna 7,66,2024-07-31,21330
comuna 16,71,2024-06-23,26062
comuna 6,39,2024-06-25,47667
comuna 9,34,2024-01-30,36662
comuna 8,66,2024-06-25,29014
comuna 14,65,2024-06-23,23761
comuna 11,69,2024-07-31,26417
comuna 7,92,2024-07-31,33134
comuna 1,41,2024-01-30,5174
comuna 11,73,2024-06-23,13737
comuna 13,79,2024-07-31,37396
comuna 12,40,2024-07-31,30725
comuna 13,10,2024-01-30,3172
comuna 10,14,2024-07-31,26788
comuna 4,73,2024-01-30,1622
comuna 11,100,2024-06-23,44853
comuna 7,26,2024-01-30,27288
comuna 9,30,2024-07-31,1494
comuna 8,86,2024-06-23,16691
comuna 2,45,2024-07-31,26124
comuna 4,100,2024-06-23,23458
comuna 1,83,2024-06-25,16660
comuna 5,92,2024-07-31,22855
comuna 14,75,2024-06-23,48210
comuna 10,23,2024-06-25,7186
comuna 14,54,2024-06-23,23686
comuna 15,86,2024-06-25,30054
comuna 4,72,2024-06-23,30415
comuna 9,67,2024-01-30,6409
comuna 16,52,2024-06-23,26737
comuna 3,72,2024-06-23,46007
comuna 2,100,2024-01-30,22466
comuna 1,72,2024-01-30,33145
comuna 4,33,2024-07-31,38873
comuna 9,92,2024-06-25,8407
comuna 9,26,2024-06-23,27773
comuna 16,57,2024-06-23,21753
comuna 3,42,2024-06-25,14915
comuna 8,21,2024-01-30,44767
comuna 10,73,2024-06-25,32694
comuna 2,99,2024-01-30,22810
comuna 15,86,2024-06-25,36529
comuna 7,82,2024-07-31,40884
comuna 15,56,2024-07-31,8170
comuna 9,73,2024-06-23,5831
comuna 13,85,2024-06-23,14241
comuna 10,26,2024-07-31,43922
comuna 3,42,2024-06-23,13809
comuna 8,17,2024-01-30,37488
comuna 9,72,2024-07-31,27039
comuna 1,45,2024-06-23,49840
comuna 1,51,2024-06-25,8256
comuna 9,50,2024-06-25,49547
comuna 1,54,2024-07-31,16168
comuna 15,22,2024-01-30,15776
comuna 2,20,2024-07-31,40658
comuna 13,63,2024-01-30,14039
comuna 9,96,2024-01-30,43537
comuna 8,22,2024-06-23,29089
comuna 6,38,2024-07-31,43065
comuna 7,99,2024-07-31,18306
comuna 13,65,2024-06-25,16195
comuna 9,92,2024-07-31,24060
comuna 13,21,2024-06-23,44522
comuna 2,94,2024-06-23,30692
comuna 11,35,2024-06-23,39146
comuna 7,53,2024-06-25,19074
comuna 8,75,2024-06-25,33315
comuna 12,71,2024-06-25,22648
comuna 12,57,2024-06-25,48124
comuna 6,77,2024-06-23,36886
comuna 12,15,2024-01-30,6444
comuna 14,96,2024-07-31,307
comuna 10,16,2024-01-30,44762
comuna 10,19,2024-06-23,11332
comuna 2,76,2024-06-23,9681
comuna 6,88,2024-06-23,916
comuna 2,51,2024-01-30,37864
comuna 9,52,2024-06-23,36676
comuna 6,48,2024-06-23,12717
comuna 15,94,2024-06-23,41160
comuna 9,83,2024-01-30,23451
comuna 8,47,2024-07-31,1887
comuna 3,29,2024-01-30,8740
comuna 5,87,2024-01-30,20806
comuna 11,54,2024-07-31,22240
comuna 4,16,2024-06-25,6434
comuna 4,36,2024-01-30,43686
comuna 13,66,2024-06-23,31287
comuna 2,85,2024-06-23,39543
comuna 15,19,2024-01-30,35472
comuna 2,65,2024-06-23,29655
comuna 15,12,2024-07-31,4356
comuna 7,28,2024-06-23,24028
comuna 3,67,2024-07-31,45570
comuna 6,61,2024-06-23,37505
comuna 9,44,2024-07-31,13176
comuna 1,13,2024-06-25,24527
comuna 1,29,2024-06-23,38885
comuna 12,29,2024-06-25,17347
comuna 8,37,2024-07-31,36043
comuna 7,93,2024-06-23,30713
comuna 12,48,2024-01-30,11526
comuna 1,77,2024-01-30,49685
comuna 15,46,2024-06-25,19769
comuna 12,35,2024-06-23,18972
comuna 15,78,2024-07-31,40884
comuna 7,80,2024-06-25,12735
comuna 12,58,2024-01-30,47397
comuna 9,46,2024-06-23,19167
comuna 16,87,2024-01-30,48447
comuna 11,44,2024-06-25,46811
comuna 16,55,2024-06-23,18285
comuna 16,78,2024-01-30,15371
comuna 15,16,2024-07-31,44064
comuna 2,88,2024-07-31,48897
comuna 3,50,2024-07-31,37577
comuna 15,70,2024-07-31,9245
comuna 15,41,2024-06-23,24542
comuna 11,40,2024-01-30,42054
comuna 8,19,2024-01-30,12653
comuna 2,67,2024-06-25,24174
comuna 11,31,2024-07-31,5897
comuna 1,85,2024-01-30,12344
comuna 11,38,2024-06-25,219
comuna 5,35,2024-01-30,43567
comuna 11,82,2024-06-25,39101
comuna 4,90,2024-06-23,29229
comuna 7,81,2024-01-30,49652
comuna 5,14,2024-07-31,34550
comuna 2,85,2024-06-25,16381
comuna 1,84,2024-01-30,41212
comuna 11,47,2024-01-30,29648
comuna 10,77,2024-06-23,33228
comuna 7,45,2024-06-25,24145
comuna 5,37,2024-07-31,27773
comuna 9,12,2024-01-30,28285
comuna 1,70,2024-06-23,6491
comuna 13,79,2024-07-31,37654
comuna 14,80,2024-01-30,17437
comuna 12,66,2024-07-31,5967
comuna 14,73,2024-07-31,50
comuna 14,14,2024-06-25,3619
comuna 16,34,2024-01-30,15149
comuna 11,67,2024-06-23,26958
comuna 16,30,2024-01-30,31312
comuna 10,45,2024-01-30,31253
comuna 11,19,2024-06-25,11577
comuna 15,90,2024-06-25,32073
comuna 11,63,2024-06-23,38541
comuna 11,78,2024-07-31,26394
comuna 12,21,2024-06-25,46320
comuna 7,35,2024-01-30,40934
comuna 5,80,2024-01-30,6906
comuna 16,35,2024-06-23,44094
comuna 11,11,2024-01-30,25023
comuna 2,61,2024-06-25,39418
comuna 14,70,2024-01-30,29007
comuna 9,32,2024-01-30,49900
comuna 3,11,2024-06-23,41677
comuna 4,42,2024-06-23,22761
comuna 5,58,2024-06-23,41809
comuna 13,72,2024-07-31,35209
comuna 11,54,2024-07-31,1317
comuna 6,32,2024-07-31,48276
comuna 3,63,2024-06-25,18273
comuna 15,51,2024-06-25,42241
comuna 7,90,2024-06-23,49848
comuna 4,18,2024-01-30,1953
comuna 4,26,2024-07-31,4373
comuna 6,91,2024-06-25,48936
comuna 11,14,2024-06-25,8491
comuna 2,48,2024-07-31,49714
comuna 7,43,2024-07-31,43404
comuna 15,68,2024-06-23,2541
comuna 16,28,2024-06-23,48463
comuna 14,12,2024-06-25,38273
comuna 14,95,2024-07-31,29442
comuna 4,53,2024-01-30,48178
comuna 7,65,2024-06-23,42276
comuna 16,71,2024-06-23,31232
comuna 2,73,2024-01-30,40033
comuna 11,33,2024-07-31,16828
comuna 11,37,2024-01-30,26483
comuna 14,39,2024-06-23,29753
comuna 9,57,2024-06-23,224
comuna 10,82,2024-07-31,2403
comuna 7,12,2024-06-23,8109
comuna 6,24,2024-01-30,22950
comuna 4,27,2024-06-25,29163
comuna 5,50,2024-06-25,14763
comuna 2,82,2024-06-25,13398
comuna 5,58,2024-07-31,25922
comuna 16,16,2024-06-25,15136
comuna 10,100,2024-06-23,1650
comuna 2,37,2024-01-30,45865
comuna 7,49,2024-07-31,46308
comuna 1,16,2024-07-31,5474
comuna 7,86,2024-07-31,13481
comuna 15,25,2024-01-30,37850
comuna 3,14,2024-07-31,42391
comuna 11,45,2024-06-23,45157
comuna 3,42,2024-01-30,10814
comuna 16,12,2024-07-31,24903
comuna 8,19,2024-01-30,22499
comuna 8,88,2024-01-30,17020
comuna 13,50,2024-01-30,5025
comuna 14,88,2024-01-30,39857
comuna 8,27,2024-06-25,13771
comuna 6,54,2024-06-25,8790
comuna 15,57,2024-06-23,14918
comuna 14,54,2024-07-31,47757
comuna 14,79,2024-07-31,40473
comuna 14,86,2024-01-30,42997
comuna 4,17,2024-06-25,28746
comuna 1,78,2024-06-25,38707
comuna 13,42,2024-06-23,20397
comuna 11,89,2024-01-30,28454
comuna 14,24,2024-06-25,26643
comuna 5,19,2024-06-25,34998
comuna 14,97,2024-07-31,3493
comuna 3,37,2024-06-23,35370
comuna 1,82,2024-07-31,44982
comuna 9,64,2024-06-23,18485
comuna 12,30,2024-07-31,9012
comuna 4,67,2024-06-23,43448
comuna 1,15,2024-06-25,25773
comuna 10,13,2024-01-30,23142
comuna 6,41,2024-06-23,2150
comuna 14,52,2024-06-23,32347
comuna 5,74,2024-07-31,9596
comuna 5,23,2024-06-25,38286
comuna 13,55,2024-07-31,31310
comuna 4,52,2024-06-23,29137
comuna 5,19,2024-06-25,7465
comuna 3,40,2024-01-30,33281
comuna 8,92,2024-06-23,46021
comuna 5,35,2024-07-31,13967
comuna 14,30,2024-01-30,286
comuna 7,96,2024-07-31,33071
comuna 9,25,2024-01-30,48871
comuna 1,89,2024-01-30,22957
comuna 4,80,2024-07-31,26625
comuna 5,24,2024-01-30,20640
comuna 10,55,2024-07-31,37751
comuna 1,12,2024-01-30,43033
comuna 9,10,2024-06-25,48039
comuna 13,77,2024-07-31,11499
comuna 8,34,2024-01-30,27040
comuna 6,51,2024-01-30,25807
comuna 14,15,2024-06-25,42630
comuna 11,22,2024-06-23,6879
comuna 10,15,2024-06-25,7043
comuna 11,45,2024-06-25,33422
comuna 7,21,2024-06-25,41406
comuna 2,18,2024-06-25,20348
comuna 7,49,2024-06-25,42149
comuna 8,41,2024-07-31,44794
comuna 3,99,2024-07-31,1900
comuna 1,34,2024-06-23,2304
comuna 12,89,2024-06-23,22095
comuna 1,35,2024-06-25,38711
comuna 3,55,2024-06-23,37076
comuna 10,19,2024-01-30,20482
comuna 10,80,2024-01-30,49945
comuna 1,40,2024-06-23,14540
comuna 6,75,2024-06-23,2077
comuna 9,42,2024-06-25,28964
comuna 4,38,2024-06-23,19283
comuna 12,97,2024-07-31,36339
comuna 4,70,2024-01-30,7586
comuna 5,46,2024-07-31,36900
comuna 9,39,2024-06-23,11934
comuna 15,20,2024-06-23,11440
comuna 8,85,2024-06-25,42262
comuna 1,86,2024-06-25,8626
comuna 3,97,2024-06-23,7225
comuna 12,84,2024-06-25,38078
comuna 16,47,2024-01-30,13711
comuna 16,89,2024-06-25,49572
comuna 4,86,2024-06-23,28308
comuna 3,99,2024-07-31,35604
comuna 11,83,2024-06-25,48444
comuna 13,32,2024-01-30,26534
comuna 1,75,2024-07-31,49927
comuna 5,65,2024-01-30,26294
comuna 14,23,2024-06-23,9016
comuna 7,12,2024-06-23,30148
comuna 13,79,2024-07-31,25171
comuna 9,27,2024-06-25,30115
comuna 1,68,2024-01-30,7099
comuna 7,87,2024-06-23,47945
comuna 2,71,2024-06-23,19111
comuna 16,50,2024-01-30,6971
comuna 5,37,2024-07-31,47517
comuna 7,59,2024-01-30,32042
comuna 10,46,2024-06-25,28069
comuna 14,65,2024-01-30,37622
comuna 4,85,2024-01-30,22880
comuna 11,32,2024-06-23,16650
comuna 4,42,2024-01-30,7181
comuna 14,59,2024-06-25,46217
comuna 8,90,2024-06-23,5952
comuna 5,57,2024-07-31,137
comuna 9,80,2024-06-25,16600
comuna 8,95,2024-07-31,5659
comuna 1,72,2024-07-31,347
comuna 13,14,2024-06-23,37177
comuna 12,77,2024-06-25,17944
comuna 9,93,2024-06-23,45046
comuna 2,60,2024-01-30,29757
comuna 14,91,2024-06-25,36654
comuna 12,42,2024-06-25,48379
comuna 5,95,2024-06-23,41537
comuna 5,18,2024-07-31,40056
comuna 3,60,2024-06-23,11803
comuna 4,47,2024-06-23,16026
comuna 7,19,2024-01-30,6156
comuna 5,54,2024-06-23,21178
comuna 2,13,2024-07-31,14298
comuna 3,23,2024-01-30,41399
comuna 12,13,2024-07-31,48130
comuna 9,58,2024-06-25,40294
comuna 11,84,2024-01-30,69
comuna 1,24,2024-01-30,7181
comuna 13,55,2024-06-25,481
comuna 3,27,2024-01-30,16915
comuna 2,72,2024-07-31,29517
comuna 8,53,2024-06-25,3978
comuna 11,78,2024-06-25,6168
comuna 2,65,2024-06-23,1248
comuna 12,47,2024-01-30,6404
comuna 13,73,2024-06-23,24634
comuna 13,51,2024-06-25,28274
comuna 13,28,2024-06-23,15037
comuna 4,40,2024-06-23,32744
comuna 1,51,2024-06-25,45000
comuna 13,42,2024-07-31,24580
comuna 6,40,2024-06-23,46652
comuna 9,70,2024-06-25,49362
comuna 7,43,2024-07-31,26099
comuna 16,17,2024-06-25,9649
comuna 7,21,2024-06-25,10671
comuna 4,22,2024-07-31,33514
comuna 9,16,2024-07-31,18913
comuna 15,80,2024-01-30,22016
comuna 4,80,2024-06-23,37579
comuna 4,47,2024-07-31,9689
comuna 2,26,2024-07-31,27711
comuna 7,91,2024-01-30,33657
comuna 12,80,2024-06-25,1930
comuna 7,14,2024-07-31,30957
comuna 11,29,2024-06-25,7195
comuna 16,82,2024-01-30,26979
comuna 10,43,2024-07-31,45280
comuna 6,78,2024-07-31,36836
comuna 10,64,2024-06-25,7753
comuna 2,60,2024-01-30,39407
comuna 7,63,2024-07-31,18858
comuna 12,61,2024-06-23,5100
comuna 11,40,2024-07-31,27423
comuna 1,60,2024-01-30,20694
comuna 12,22,2024-06-25,31571
comuna 16,32,2024-06-23,23850
comuna 15,67,2024-06-25,11419
comuna 3,13,2024-06-25,29668
comuna 8,77,2024-06-23,20680
comuna 12,58,2024-07-31,46949
comuna 12,53,2024-07-31,12749
comuna 16,16,2024-06-25,40437
comuna 1,59,2024-06-25,6883
comuna 13,23,2024-01-30,13514
comuna 12,80,2024-06-25,32109
comuna 14,70,2024-06-25,6084
comuna 11,15,2024-01-30,38568
comuna 3,69,2024-06-25,4444
comuna 1,17,2024-06-25,38051
comuna 15,54,2024-07-31,11252
comuna 16,79,2024-01-30,33436
comuna 4,45,2024-07-31,27977
comuna 10,94,2024-06-23,38532
comuna 3,56,2024-01-30,19659
comuna 7,66,2024-01-30,24071
comuna 9,37,2024-07-31,40125
comuna 15,50,2024-07-31,43675
comuna 11,84,2024-01-30,20406
comuna 8,73,2024-07-31,21550
comuna 10,84,2024-06-23,19606
comuna 6,57,2024-01-30,44079
comuna 15,70,2024-07-31,37425
comuna 8,74,2024-07-31,19790
comuna 2,68,2024-06-25,43185
comuna 15,31,2024-06-25,23840
comuna 8,26,2024-07-31,38630
comuna 1,100,2024-07-31,10845
comuna 11,28,2024-07-31,23715
comuna 2,51,2024-06-23,16116
comuna 14,24,2024-06-25,28186
comuna 14,15,2024-01-30,49496
comuna 8,82,2024-06-25,4517
comuna 7,76,2024-07-31,4881
comuna 6,84,2024-06-23,24563
comuna 15,57,2024-01-30,41625
comuna 3,88,2024-06-25,28525
comuna 3,13,2024-06-23,18227
comuna 7,16,2024-06-23,6503
comuna 13,56,2024-01-30,48660
comuna 8,70,2024-06-25,379
comuna 1,87,2024-06-25,49673
comuna 13,95,2024-01-30,42352
comuna 10,69,2024-07-31,6568
comuna 13,49,2024-01-30,14112
comuna 15,43,2024-07-31,6066
comuna 1,90,2024-07-31,22577
comuna 13,100,2024-06-23,12590
comuna 9,91,2024-06-25,43922
comuna 6,12,2024-06-25,36853
comuna 12,67,2024-06-25,19265
comuna 1,27,2024-01-30,29454
comuna 8,29,2024-07-31,38789
comuna 14,18,2024-06-25,24506
comuna 7,12,2024-06-23,23560
comuna 14,33,2024-06-23,19592
comuna 12,47,2024-07-31,8760
comuna 3,45,2024-01-30,16683
comuna 14,35,2024-01-30,15213
comuna 7,86,2024-06-23,23183
comuna 11,28,2024-07-31,31914
comuna 10,30,2024-07-31,35757
comuna 8,16,2024-06-25,14605
comuna 16,26,2024-06-23,40945
comuna 14,23,2024-06-23,34777
comuna 4,43,2024-06-25,16994
comuna 15,58,2024-06-25,39908
comuna 6,63,2024-06-25,45505
comuna 14,49,2024-06-25,24245
comuna 15,47,2024-07-31,18817
comuna 12,61,2024-07-31,43081
comuna 12,76,2024-06-23,39423
comuna 3,26,2024-06-23,25955
comuna 8,48,2024-06-25,8141
comuna 2,55,2024-01-30,41073
comuna 9,15,2024-06-23,11448
comuna 13,50,2024-06-25,17371
comuna 9,60,2024-07-31,27776
comuna 14,78,2024-06-23,17169
comuna 5,69,2024-06-25,5298
comuna 9,36,2024-01-30,8804
comuna 5,76,2024-06-25,31597
comuna 9,25,2024-06-25,30602
comuna 6,56,2024-06-25,43525
comuna 11,39,2024-07-31,33157
comuna 16,82,2024-06-25,33160
comuna 15,53,2024-01-30,33494
comuna 3,18,2024-07-31,42458
comuna 9,79,2024-06-23,267
comuna 5,23,2024-06-23,47574
comuna 10,53,2024-06-23,28768
comuna 11,92,2024-06-25,30011
comuna 4,53,2024-01-30,30016
comuna 15,79,2024-01-30,49128
comuna 16,63,2024-07-31,15061
comuna 16,100,2024-01-30,14040
comuna 10,60,2024-01-30,3874
comuna 1,64,2024-01-30,6101
comuna 11,13,2024-06-23,7657
comuna 16,11,2024-07-31,44892
comuna 13,66,2024-07-31,19185
comuna 16,80,2024-01-30,49995
comuna 12,13,2024-07-31,2670
comuna 8,75,2024-06-23,42540
comuna 10,31,2024-06-23,29902
comuna 3,27,2024-06-23,7561
comuna 8,83,2024-06-23,14103
comuna 12,95,2024-07-31,44078
comuna 4,79,2024-06-25,19685
comuna 7,45,2024-06-25,27225
comuna 1,46,2024-07-31,31568
comuna 14,54,2024-01-30,27242
comuna 4,12,2024-06-23,46910
comuna 5,40,2024-06-25,31210
comuna 12,67,2024-07-31,33813
comuna 6,61,2024-01-30,42353
comuna 9,94,2024-01-30,13216
comuna 11,98,2024-01-30,34609
comuna 3,64,2024-01-30,7604
comuna 5,59,2024-06-25,38498
comuna 7,87,2024-06-23,24569
comuna 3,56,2024-06-23,28410
comuna 10,69,2024-06-25,6509
comuna 10,95,2024-06-23,720
comuna 11,11,2024-01-30,47543
comuna 7,83,2024-07-31,9964
comuna 14,29,2024-06-25,45591
comuna 15,77,2024-06-25,14685
comuna 16,68,2024-06-25,48442
comuna 13,88,2024-06-23,25795
comuna 11,25,2024-01-30,20714
comuna 16,98,2024-06-25,31944
comuna 11,21,2024-01-30,6017
comuna 10,73,2024-01-30,18809
comuna 10,25,2024-06-25,13641
comuna 7,12,2024-06-25,10672
comuna 4,71,2024-06-25,14758
comuna 15,44,2024-01-30,9224
comuna 5,77,2024-06-25,9280
comuna 2,11,2024-06-25,29328
comuna 3,82,2024-06-23,15615
comuna 3,74,2024-01-30,35672
comuna 1,14,2024-01-30,39065
comuna 11,15,2024-07-31,27904
comuna 12,26,2024-01-30,28861
comuna 12,75,2024-01-30,14822
comuna 6,71,2024-06-25,39036
comuna 12,99,2024-01-30,6716
comuna 5,34,2024-01-30,37840
comuna 2,82,2024-06-25,3917
comuna 7,76,2024-06-25,41245
comuna 2,30,2024-07-31,6915
comuna 15,33,2024-07-31,19430
comuna 5,39,2024-01-30,33818
comuna 3,24,2024-07-31,12320
comuna 12,11,2024-06-25,28959
comuna 2,66,2024-06-23,43647
comuna 6,52,2024-06-25,38797
comuna 13,98,2024-07-31,46736
comuna 16,31,2024-06-25,48028
comuna 5,74,2024-01-30,45303
comuna 5,58,2024-07-31,34201
comuna 12,88,2024-06-23,37015
comuna 12,25,2024-01-30,13189
comuna 6,91,2024-06-23,38785
comuna 15,49,2024-06-23,14780
comuna 14,93,2024-06-23,20372
comuna 3,64,2024-06-25,27096
comuna 4,40,2024-06-23,21521
comuna 14,64,2024-07-31,26018
comuna 12,16,2024-07-31,47147
comuna 15,80,2024-06-23,25300
comuna 7,80,2024-06-23,13038
comuna 15,94,2024-06-23,31649
comuna 13,80,2024-06-25,39304
comuna 13,99,2024-06-25,6602
comuna 10,31,2024-06-25,28013
comuna 13,86,2024-07-31,15186
comuna 6,20,2024-01-30,10446
comuna 7,92,2024-07-31,1155
comuna 4,21,2024-01-30,15370
comuna 14,39,2024-06-23,39790
comuna 14,68,2024-06-23,42440
comuna 8,53,2024-06-23,28066
comuna 6,38,2024-06-25,17173
comuna 9,74,2024-01-30,40146
comuna 2,61,2024-01-30,32565
comuna 4,72,2024-01-30,14447
comuna 13,45,2024-07-31,30071
comuna 9,87,2024-07-31,48365
comuna 11,48,2024-07-31,23427
comuna 15,50,2024-07-31,35219
comuna 14,22,2024-06-23,2474
comuna 9,25,2024-06-23,15811
comuna 11,54,2024-06-25,48462
comuna 12,100,2024-06-25,33316
comuna 9,61,2024-06-25,36301
comuna 12,21,2024-07-31,40456
comuna 3,53,2024-01-30,43245
comuna 10,70,2024-06-23,4878
comuna 12,72,2024-01-30,49046
comuna 16,56,2024-07-31,28390
comuna 1,67,2024-01-30,22570
comuna 11,37,2024-01-30,23034
comuna 1,35,2024-07-31,46407
comuna 1,44,2024-01-30,22544
comuna 8,36,2024-06-23,498
comuna 3,87,2024-01-30,4592
comuna 14,80,2024-07-31,28776
comuna 10,48,2024-06-25,43230
comuna 14,23,2024-06-23,39313
comuna 8,45,2024-06-25,124
comuna 11,14,2024-06-25,19075
comuna 1,77,2024-07-31,5987
comuna 6,24,2024-06-25,30669
comuna 4,89,2024-06-23,11339
comuna 2,23,2024-06-25,7406
comuna 5,78,2024-07-31,39201
comuna 9,65,2024-01-30,43960
comuna 1,45,2024-01-30,42316
comuna 4,98,2024-07-31,17881
comuna 2,41,2024-06-23,27955
comuna 14,16,2024-06-23,24754
comuna 16,88,2024-01-30,25685
comuna 16,23,2024-01-30,30864
comuna 7,91,2024-01-30,45357
comuna 5,91,2024-06-25,3038
comuna 11,38,2024-06-25,42585
comuna 13,60,2024-01-30,44524
comuna 14,70,2024-07-31,17348
comuna 6,84,2024-06-25,4527
comuna 5,62,2024-06-23,37420
comuna 4,21,2024-07-31,11263
comuna 5,16,2024-06-23,48893
comuna 14,47,2024-06-25,14738
comuna 4,34,2024-06-25,39688
comuna 8,70,2024-06-23,26169
comuna 11,43,2024-06-23,42604
comuna 8,28,2024-06-25,42087
comuna 5,72,2024-06-25,41084
comuna 13,62,2024-06-23,6277
comuna 1,79,2024-07-31,16655
comuna 5,38,2024-06-23,4124
comuna 15,72,2024-07-31,48901
comuna 14,84,2024-01-30,24567
comuna 2,86,2024-07-31,46364
comuna 3,60,2024-07-31,9315
comuna 14,42,2024-06-25,702
comuna 12,58,2024-07-31,9893
comuna 3,16,2024-01-30,35684
comuna 7,94,2024-06-25,14757
comuna 15,63,2024-06-25,15483
comuna 16,67,2024-07-31,47206
comuna 12,48,2024-06-25,8000
comuna 11,32,2024-07-31,12514
comuna 15,73,2024-01-30,31399
comuna 3,13,2024-06-23,3633
comuna 13,36,2024-06-25,28979
comuna 5,71,2024-06-25,16598
comuna 5,51,2024-06-23,38446
comuna 9,16,2024-07-31,34291
comuna 8,39,2024-01-30,20898
comuna 2,67,2024-01-30,38170
comuna 11,98,2024-06-23,8788
comuna 10,68,2024-06-23,47325
comuna 7,56,2024-06-23,22307
comuna 5,61,2024-06-25,27668
comuna 13,51,2024-07-31,18649
comuna 7,12,2024-06-23,1349
comuna 1,95,2024-06-23,17546
comuna 5,58,2024-01-30,15110
comuna 15,12,2024-06-23,13317
comuna 12,15,2024-06-23,41847
comuna 6,93,2024-07-31,18686
comuna 10,57,2024-06-23,27016
comuna 4,86,2024-06-25,2315
comuna 6,97,2024-06-25,35684
comuna 2,56,2024-07-31,25743
comuna 4,66,2024-06-23,19006
comuna 16,17,2024-06-23,38838
comuna 14,90,2024-07-31,38924
comuna 4,77,2024-06-25,7628
comuna 5,48,2024-07-31,12966
comuna 2,58,2024-06-25,28278
comuna 7,71,2024-06-25,16354
comuna 16,70,2024-07-31,14652
comuna 16,80,2024-01-30,30406
comuna 3,34,2024-01-30,40565
comuna 3,96,2024-06-25,15517
comuna 1,67,2024-06-23,12892
comuna 2,58,2024-01-30,30139
comuna 6,54,2024-07-31,33137
comuna 8,84,2024-07-31,8928
comuna 1,51,2024-06-23,45085
comuna 12,92,2024-01-30,42019
comuna 2,30,2024-06-23,11714
comuna 15,49,2024-07-31,47444
comuna 12,49,2024-07-31,40617
comuna 14,43,2024-06-23,14051
comuna 5,25,2024-06-25,30115
comuna 15,99,2024-06-23,13932
comuna 11,15,2024-06-25,29451
comuna 8,36,2024-06-25,22804
comuna 5,86,2024-01-30,47637
comuna 9,53,2024-06-23,19363
comuna 4,76,2024-01-30,6391
comuna 7,80,2024-06-23,21647
comuna 5,39,2024-06-25,40867
comuna 10,90,2024-06-23,27763
comuna 2,79,2024-07-31,2392
comuna 7,42,2024-06-25,10304
comuna 11,30,2024-06-23,12618
comuna 2,97,2024-06-25,18682
comuna 13,94,2024-06-23,3498
comuna 2,71,2024-06-23,33643
comuna 1,85,2024-06-23,37822
comuna 14,29,2024-06-25,47389
comuna 15,23,2024-06-25,44817
comuna 10,32,2024-06-25,19989
comuna 13,20,2024-06-25,20108
comuna 8,77,2024-07-31,5142
comuna 11,35,2024-06-25,27502
comuna 3,94,2024-06-23,13695
comuna 8,47,2024-06-25,31980
comuna 11,81,2024-06-25,39288
comuna 1,96,2024-07-31,23916
comuna 9,75,2024-06-23,19282
comuna 7,14,2024-07-31,11530
comuna 3,77,2024-06-25,30756
comuna 10,17,2024-07-31,5848
comuna 10,63,2024-06-23,28997
comuna 15,48,2024-06-25,40421
comuna 15,36,2024-06-23,31149
comuna 9,64,2024-06-23,36128
comuna 2,17,2024-06-23,37420
comuna 2,73,2024-01-30,48907
comuna 14,91,2024-06-25,21118
comuna 15,68,2024-07-31,47057
comuna 14,11,2024-06-23,3377
comuna 7,43,2024-06-25,19331
comuna 8,45,2024-07-31,36049
comuna 6,69,2024-06-23,42513
comuna 5,94,2024-06-23,33265
comuna 11,25,2024-06-23,3748
comuna 9,38,2024-06-23,27889
comuna 3,58,2024-01-30,16844
comuna 2,34,2024-06-23,49193
comuna 14,11,2024-06-25,36273
comuna 14,31,2024-06-25,13250
comuna 15,99,2024-06-25,19472
comuna 11,21,2024-01-30,14217
comuna 12,13,2024-06-23,10038
comuna 12,91,2024-01-30,39181
comuna 4,77,2024-01-30,33125
comuna 16,11,2024-01-30,3815
comuna 3,20,2024-06-25,3034
comuna 8,67,2024-07-31,32509
comuna 14,29,2024-06-25,34001
comuna 10,94,2024-01-30,5823
comuna 6,77,2024-06-23,48942
comuna 1,24,2024-01-30,19961
comuna 12,55,2024-07-31,9634
comuna 13,100,2024-07-31,43425
comuna 8,87,2024-06-25,44420
comuna 12,21,2024-07-31,19771
comuna 8,84,2024-06-23,11579
comuna 13,86,2024-06-25,8476
comuna 15,90,2024-01-30,18098
comuna 10,57,2024-06-25,28178
comuna 3,38,2024-06-23,37164
comuna 3,28,2024-01-30,24796
comuna 13,53,2024-06-23,45711
comuna 6,66,2024-07-31,6597
comuna 16,83,2024-06-23,5958
comuna 4,91,2024-06-23,30051
comuna 11,97,2024-06-25,49094
comuna 8,70,2024-07-31,15931
comuna 5,56,2024-01-30,49692
comuna 7,18,2024-01-30,28093
comuna 11,25,2024-01-30,39979
comuna 15,88,2024-01-30,32087
comuna 16,66,2024-07-31,21784
comuna 7,89,2024-06-23,21078
comuna 15,21,2024-06-25,46095
comuna 5,40,2024-06-25,36122
comuna 3,62,2024-07-31,27744
comuna 12,12,2024-06-25,34051
comuna 4,52,2024-01-30,39055
comuna 16,47,2024-06-23,20857
comuna 7,97,2024-06-23,2085
comuna 16,78,2024-07-31,1582
comuna 10,60,2024-06-25,13265
comuna 15,71,2024-01-30,38749
comuna 16,32,2024-07-31,19926
comuna 6,10,2024-01-30,20530
comuna 13,92,2024-06-23,39910
comuna 16,70,2024-06-23,41253
comuna 11,51,2024-01-30,18128
comuna 3,23,2024-06-23,14892
comuna 10,89,2024-06-23,34629
comuna 13,24,2024-01-30,30866
comuna 1,86,2024-06-23,34433
comuna 10,27,2024-06-25,18245
comuna 7,89,2024-01-30,2058
comuna 7,11,2024-07-31,13170
comuna 6,17,2024-01-30,13423
comuna 3,66,2024-06-25,26702
comuna 15,14,2024-06-25,39029
comuna 5,58,2024-06-25,20120
comuna 15,45,2024-07-31,14398
comuna 14,79,2024-01-30,47341
comuna 12,71,2024-06-23,16052
comuna 6,92,2024-01-30,22072
comuna 7,36,2024-01-30,25140
comuna 3,37,2024-01-30,4046
comuna 13,17,2024-06-25,78
comuna 6,17,2024-07-31,15324
comuna 11,12,2024-01-30,36013
comuna 3,17,2024-01-30,37060
comuna 5,18,2024-01-30,8504
comuna 13,68,2024-01-30,40014
comuna 15,59,2024-07-31,47043
comuna 5,20,2024-06-25,41833
comuna 10,29,2024-01-30,19253
comuna 10,78,2024-01-30,16836
comuna 16,42,2024-01-30,28190
comuna 2,43,2024-06-25,33384
comuna 12,89,2024-06-25,45286
comuna 3,77,2024-07-31,45630
comuna 8,79,2024-07-31,2804
comuna 2,65,2024-06-23,38661
comuna 3,77,2024-06-23,24687
comuna 13,63,2024-07-31,43117
comuna 4,68,2024-07-31,19333
comuna 5,69,2024-07-31,5608
comuna 10,94,2024-01-30,20902
comuna 12,81,2024-01-30,26794
comuna 7,44,2024-01-30,5791
comuna 4,58,2024-07-31,44871
comuna 1,65,2024-06-25,47315
comuna 10,29,2024-06-25,29118
comuna 3,83,2024-07-31,22789
comuna 6,66,2024-01-30,14101
comuna 3,61,2024-06-23,12235
comuna 12,38,2024-07-31,25597
comuna 6,56,2024-01-30,11836
comuna 14,73,2024-01-30,26796
comuna 8,77,2024-06-23,25344
comuna 4,62,2024-01-30,25144
comuna 9,61,2024-07-31,32352
comuna 4,90,2024-07-31,39098
comuna 12,96,2024-07-31,20428
comuna 6,82,2024-06-25,13381
comuna 9,12,2024-06-23,39695
comuna 7,54,2024-07-31,38907
comuna 2,73,2024-07-31,49673
comuna 15,28,2024-06-23,23400
comuna 1,12,2024-07-31,40848
comuna 12,40,2024-07-31,38727
comuna 2,17,2024-07-31,36876
comuna 1,94,2024-06-25,32294
comuna 16,23,2024-01-30,39342
comuna 9,71,2024-06-23,24954
comuna 1,38,2024-07-31,32465
comuna 6,95,2024-07-31,8808
comuna 16,43,2024-07-31,3413
comuna 13,62,2024-01-30,34868
comuna 5,41,2024-07-31,11395
comuna 2,45,2024-06-25,12189
comuna 2,56,2024-01-30,14604
comuna 4,17,2024-07-31,27516
comuna 1,16,2024-07-31,22479
comuna 2,44,2024-06-23,4140
comuna 1,94,2024-06-23,2980
comuna 8,100,2024-06-23,1207
comuna 16,55,2024-01-30,399
comuna 4,93,2024-06-23,47812
comuna 8,56,2024-07-31,46191
comuna 14,21,2024-06-23,46844
comuna 4,74,2024-06-23,26479
comuna 5,10,2024-01-30,40405
comuna 16,92,2024-06-25,4482
comuna 3,82,2024-06-25,616
comuna 15,41,2024-07-31,10866
comuna 7,90,2024-06-25,22202
comuna 14,41,2024-07-31,49765
comuna 4,73,2024-01-30,2540
comuna 3,37,2024-06-23,22142
comuna 5,29,2024-06-25,33420
comuna 10,89,2024-06-25,48562
comuna 15,54,2024-06-23,8822
comuna 1,14,2024-07-31,47704
comuna 1,55,2024-07-31,25693
comuna 15,43,2024-07-31,17530
comuna 4,48,2024-06-25,13328
comuna 11,91,2024-06-23,28852
comuna 7,14,2024-01-30,4530
comuna 6,79,2024-07-31,25424
comuna 4,51,2024-06-25,37890
comuna 6,50,2024-07-31,24816
comuna 1,57,2024-07-31,32529
comuna 3,54,2024-01-30,8911
comuna 11,32,2024-06-23,18225
comuna 8,66,2024-06-23,11282
comuna 11,13,2024-06-25,4906
comuna 5,41,2024-01-30,2511
comuna 7,37,2024-06-23,18753
comuna 12,97,2024-01-30,11123
comuna 15,66,2024-06-25,24374
comuna 3,92,2024-06-25,18407
comuna 4,56,2024-07-31,29496
comuna 12,68,2024-01-30,4749
comuna 11,57,2024-01-30,23032
comuna 16,34,2024-07-31,30284
comuna 4,78,2024-06-25,39084
comuna 11,41,2024-01-30,47554
comuna 10,10,2024-06-23,41487
comuna 5,97,2024-06-23,12224
comuna 3,50,2024-07-31,12459
comuna 1,81,2024-01-30,7768
comuna 5,77,2024-06-23,1205
comuna 13,56,2024-07-31,33725
comuna 1,60,2024-06-25,12139
comuna 16,37,2024-06-23,11700
comuna 6,24,2024-01-30,48447
comuna 10,75,2024-06-23,4082
comuna 1,81,2024-06-25,8838
comuna 15,19,2024-06-25,36062
comuna 8,97,2024-06-25,23054
comuna 3,23,2024-01-30,49899
comuna 6,11,2024-06-23,37621
comuna 9,22,2024-07-31,23742
comuna 14,95,2024-07-31,47336
comuna 6,80,2024-07-31,42720
comuna 9,22,2024-06-25,48805
comuna 4,37,2024-07-31,22285
comuna 7,76,2024-01-30,46677
comuna 15,43,2024-06-25,28397
comuna 10,77,2024-06-25,26841
comuna 7,21,2024-06-25,27706
comuna 11,31,2024-06-25,49778
comuna 8,51,2024-06-23,23224
comuna 6,86,2024-06-23,5609
comuna 2,17,2024-06-23,41548
comuna 10,98,2024-01-30,29634
comuna 8,20,2024-01-30,12522
comuna 15,12,2024-01-30,20497
comuna 11,54,2024-07-31,44829
comuna 12,21,2024-06-25,20561
comuna 11,18,2024-06-25,39129
comuna 8,50,2024-06-25,21551
comuna 9,95,2024-01-30,41987
comuna 4,88,2024-06-25,14749
comuna 16,51,2024-06-25,33078
comuna 16,52,2024-06-25,49347
comuna 10,89,2024-06-23,14312
comuna 12,70,2024-06-23,35506
comuna 11,63,2024-07-31,8918
comuna 1,91,2024-07-31,36225
comuna 10,99,2024-06-23,37795
comuna 7,33,2024-06-25,3656
comuna 14,23,2024-07-31,33526
comuna 3,19,2024-07-31,37004
comuna 12,33,2024-06-23,9128
comuna 15,70,2024-01-30,45509
comuna 10,33,2024-06-23,4274
comuna 16,30,2024-06-25,32681
comuna 7,74,2024-01-30,44159
comuna 11,42,2024-06-25,8828
comuna 9,16,2024-06-25,35445
comuna 15,52,2024-01-30,42984
comuna 16,65,2024-01-30,31828
comuna 12,25,2024-06-23,24693
comuna 6,62,2024-07-31,36256
comuna 2,95,2024-07-31,12120
comuna 11,93,2024-01-30,4333
comuna 6,99,2024-06-23,35297
comuna 14,90,2024-01-30,23592
comuna 15,59,2024-06-23,46896
comuna 6,29,2024-06-23,3471
comuna 16,47,2024-06-23,33861
comuna 13,21,2024-06-25,34138
comuna 11,82,2024-01-30,42682
comuna 4,95,2024-06-25,23485
comuna 3,59,2024-06-25,26603
comuna 6,10,2024-01-30,26546
comuna 7,64,2024-01-30,13943
comuna 14,38,2024-06-23,37121
comuna 4,81,2024-01-30,25698
comuna 13,31,2024-06-23,27268
comuna 1,17,2024-07-31,39084
comuna 16,70,2024-01-30,20287
comuna 5,80,2024-06-25,49656
comuna 2,66,2024-07-31,40842
comuna 15,66,2024-01-30,11607
comuna 16,57,2024-07-31,44651
comuna 9,42,2024-06-23,38490
comuna 5,76,2024-06-25,7425
comuna 9,11,2024-06-23,13001
comuna 3,43,2024-01-30,48475
comuna 8,99,2024-06-25,42570
comuna 2,88,2024-07-31,16064
comuna 7,98,2024-06-25,16495
comuna 3,38,2024-06-25,29287
comuna 7,71,2024-01-30,39312
comuna 2,42,2024-06-25,28269
comuna 16,65,2024-06-25,26339
comuna 15,95,2024-06-25,10059
comuna 11,53,2024-06-23,32244
comuna 14,31,2024-06-25,18729
comuna 13,54,2024-06-25,21688
comuna 3,58,2024-01-30,18975
comuna 12,26,2024-06-23,30939
comuna 15,30,2024-01-30,32299
comuna 8,55,2024-07-31,28102
comuna 6,58,2024-07-31,12737
comuna 3,57,2024-06-23,17129
comuna 6,67,2024-06-25,19904
comuna 3,75,2024-06-23,39092
comuna 9,27,2024-06-25,39461
comuna 16,35,2024-07-31,29934
comuna 4,33,2024-01-30,13642
comuna 3,79,2024-06-25,18408
comuna 11,77,2024-06-25,21867
comuna 2,69,2024-07-31,19276
comuna 1,64,2024-07-31,37786
comuna 9,48,2024-06-25,13254
comuna 14,80,2024-06-23,3298
comuna 13,95,2024-06-23,6671
comuna 12,86,2024-06-25,16985
comuna 8,50,2024-06-23,19534
comuna 9,61,2024-01-30,12171
comuna 3,53,2024-06-23,31989
comuna 16,82,2024-07-31,8904
comuna 16,99,2024-06-23,20812
comuna 9,88,2024-01-30,42224
comuna 3,91,2024-07-31,40429
comuna 12,69,2024-06-25,49074
comuna 13,76,2024-06-23,5127
comuna 13,45,2024-06-25,15036
comuna 6,23,2024-06-25,16695
comuna 10,28,2024-01-30,1657
comuna 7,71,2024-07-31,31021
comuna 16,94,2024-06-25,23740
comuna 6,11,2024-01-30,6771
comuna 7,62,2024-06-23,44746
comuna 10,75,2024-07-31,48492
comuna 14,73,2024-01-30,7245
comuna 1,33,2024-06-23,41696
comuna 8,35,2024-01-30,44025
comuna 14,68,2024-06-23,15603
comuna 10,43,2024-06-25,42881
comuna 6,80,2024-01-30,5987
comuna 16,90,2024-07-31,21349
comuna 9,51,2024-07-31,42475
comuna 10,99,2024-07-31,21009
comuna 12,11,2024-06-23,7579
comuna 15,89,2024-06-25,26173
comuna 9,48,2024-06-25,37903
comuna 13,25,2024-06-23,20087
comuna 2,20,2024-01-30,22871
comuna 1,85,2024-07-31,40622
comuna 9,72,2024-06-25,30993
comuna 13,53,2024-01-30,41502
comuna 12,52,2024-06-25,13361
comuna 16,17,2024-06-25,15996
comuna 16,14,2024-06-25,11481
comuna 10,18,2024-01-30,8888
comuna 11,86,2024-07-31,4989
comuna 2,51,2024-06-23,19107
comuna 15,26,2024-06-23,3262
comuna 12,94,2024-06-25,34201
comuna 11,85,2024-01-30,5982
comuna 16,22,2024-06-25,2260
comuna 3,68,2024-07-31,14864
comuna 13,13,2024-06-23,8472
comuna 3,21,2024-01-30,27012
comuna 3,48,2024-01-30,40367
comuna 9,53,2024-07-31,3269
comuna 6,56,2024-07-31,174
comuna 8,63,2024-06-25,30119
comuna 10,18,2024-07-31,13498
comuna 13,95,2024-01-30,36372
comuna 1,71,2024-06-23,38968
comuna 9,37,2024-07-31,29884
comuna 8,35,2024-01-30,14184
comuna 15,79,2024-07-31,539
comuna 12,28,2024-06-23,13177
comuna 8,89,2024-06-23,18537
comuna 7,52,2024-06-25,10394
comuna 15,95,2024-07-31,42436
comuna 9,22,2024-06-25,23343
comuna 1,83,2024-01-30,21067
comuna 7,50,2024-06-25,37291
comuna 4,10,2024-06-23,33760
comuna 9,28,2024-06-23,40936
comuna 8,32,2024-07-31,32744
comuna 13,55,2024-07-31,24587
comuna 12,96,2024-07-31,35009
comuna 2,67,2024-06-23,29976
comuna 15,68,2024-06-23,37653
comuna 7,92,2024-07-31,34507
comuna 11,52,2024-06-23,9957
comuna 4,13,2024-07-31,11642
comuna 3,62,2024-07-31,13855
comuna 10,87,2024-06-23,32110
comuna 3,29,2024-06-23,35414
comuna 13,98,2024-06-25,39851
comuna 3,98,2024-01-30,27501
comuna 8,62,2024-07-31,25446
comuna 5,50,2024-07-31,22694
comuna 15,60,2024-06-25,268
comuna 2,83,2024-06-23,5138
comuna 13,29,2024-01-30,41858
comuna 5,57,2024-06-25,42970
comuna 8,43,2024-06-23,19034
comuna 12,32,2024-07-31,10915
comuna 4,46,2024-06-25,16386
comuna 16,78,2024-01-30,47504
comuna 10,16,2024-06-25,41916
comuna 1,89,2024-07-31,39979
comuna 8,19,2024-06-23,25167
comuna 14,74,2024-01-30,23827
comuna 16,45,2024-06-23,7714
comuna 10,94,2024-07-31,46498
comuna 12,52,2024-01-30,44989
comuna 4,75,2024-07-31,24006
comuna 5,66,2024-01-30,46937
comuna 3,45,2024-06-25,37330
comuna 15,56,2024-01-30,28692
comuna 16,56,2024-01-30,46350
comuna 9,88,2024-01-30,23395
comuna 12,46,2024-01-30,22815
comuna 10,55,2024-07-31,14459
comuna 10,55,2024-07-31,29137
comuna 12,19,2024-01-30,41222
comuna 15,36,2024-07-31,25953
comuna 5,71,2024-06-23,22070
comuna 14,37,2024-06-23,40448
comuna 1,100,2024-07-31,16554
comuna 8,38,2024-06-23,35088
comuna 1,33,2024-06-25,40832
comuna 5,40,2024-06-23,44031
comuna 11,40,2024-06-23,26384
comuna 7,66,2024-06-25,3330
comuna 8,16,2024-01-30,49842
comuna 9,42,2024-06-25,41215
comuna 8,46,2024-01-30,44205
comuna 5,50,2024-06-25,22047
comuna 12,76,2024-01-30,39826
comuna 14,50,2024-06-23,45616
comuna 11,23,2024-06-23,44742
comuna 11,39,2024-06-23,2033
comuna 6,61,2024-06-23,15224
comuna 7,83,2024-01-30,31651
comuna 5,21,2024-06-25,4963
comuna 16,63,2024-07-31,23700
comuna 15,48,2024-06-25,29637
comuna 2,15,2024-06-25,37310
comuna 8,63,2024-07-31,6964
comuna 15,54,2024-01-30,49012
comuna 8,71,2024-01-30,8361
comuna 13,99,2024-06-25,5584
comuna 15,52,2024-06-25,38427
comuna 12,36,2024-01-30,4636
comuna 8,51,2024-06-23,29659
comuna 15,19,2024-01-30,31562
comuna 7,83,2024-07-31,34596
comuna 4,76,2024-06-23,38446
comuna 13,58,2024-06-25,13899
comuna 5,85,2024-06-25,9204
comuna 8,88,2024-06-25,30256
comuna 14,78,2024-01-30,43626
comuna 3,83,2024-06-25,10163
comuna 4,88,2024-01-30,8694
comuna 7,56,2024-07-31,49781
comuna 3,92,2024-06-23,18656
comuna 6,62,2024-06-23,43016
comuna 6,78,2024-07-31,33533
comuna 13,19,2024-06-23,48601
comuna 12,10,2024-06-23,15135
comuna 5,96,2024-07-31,19185
comuna 16,89,2024-07-31,47263
comuna 12,40,2024-06-23,12125
comuna 15,70,2024-06-23,46615
comuna 13,16,2024-01-30,38623
comuna 15,21,2024-06-25,20531
comuna 1,60,2024-07-31,44190
comuna 13,26,2024-01-30,3505
comuna 5,100,2024-01-30,6316
comuna 5,60,2024-07-31,20495
comuna 1,24,2024-01-30,34612
comuna 3,56,2024-07-31,47952
comuna 4,61,2024-06-25,49229
comuna 10,79,2024-06-23,49922
comuna 13,85,2024-06-23,15658
comuna 15,60,2024-07-31,41389
comuna 5,96,2024-06-25,10103
comuna 1,59,2024-06-25,14452
comuna 4,35,2024-06-25,36492
comuna 13,81,2024-06-25,14915
comuna 4,75,2024-01-30,5409
comuna 12,31,2024-06-25,24303
comuna 12,83,2024-06-23,46022
comuna 1,94,2024-07-31,29598
comuna 16,35,2024-06-23,9423
comuna 15,80,2024-01-30,24016
comuna 1,36,2024-06-25,24606
comuna 12,79,2024-06-25,13336
comuna 10,95,2024-06-25,26835
comuna 4,41,2024-06-23,29158
comuna 4,44,2024-01-30,4888
comuna 3,16,2024-07-31,7638
comuna 10,26,2024-01-30,2611
comuna 15,21,2024-06-25,35710
comuna 12,78,2024-01-30,47342
comuna 6,57,2024-01-30,37453
comuna 10,27,2024-07-31,35239
comuna 15,83,2024-07-31,15814
comuna 4,27,2024-01-30,5185
comuna 8,62,2024-06-23,4883
comuna 14,50,2024-06-23,25769
comuna 3,59,2024-06-25,48900
comuna 14,85,2024-01-30,36434
comuna 5,67,2024-06-25,48321
comuna 11,73,2024-01-30,13338
comuna 5,40,2024-07-31,3550
comuna 6,31,2024-06-23,10688
comuna 4,22,2024-01-30,24606
comuna 7,91,2024-06-23,4200
comuna 4,54,2024-07-31,9179
comuna 10,65,2024-07-31,39317
comuna 15,74,2024-06-25,37147
comuna 8,14,2024-06-23,47452
comuna 6,34,2024-07-31,37802
comuna 10,12,2024-01-30,25732
comuna 2,90,2024-01-30,44139
comuna 15,19,2024-01-30,20726
comuna 16,64,2024-07-31,5799
comuna 15,71,2024-06-23,501
comuna 12,56,2024-07-31,38822
comuna 6,37,2024-06-23,29346
comuna 13,96,2024-06-23,8918
comuna 12,41,2024-06-23,39008
comuna 7,51,2024-06-25,17788
comuna 13,55,2024-07-31,36178
comuna 3,92,2024-01-30,15922
comuna 11,74,2024-06-25,49132
comuna 15,44,2024-01-30,1570
comuna 11,23,2024-06-25,32602
comuna 4,20,2024-07-31,10260
comuna 10,38,2024-01-30,25020
comuna 14,57,2024-06-23,40362
comuna 3,67,2024-06-25,5892
comuna 14,51,2024-06-23,29837
comuna 13,54,2024-06-23,39928
comuna 6,50,2024-01-30,29786
comuna 8,22,2024-06-25,38301
comuna 3,27,2024-01-30,2911
comuna 6,45,2024-07-31,614
comuna 10,58,2024-06-25,27462
comuna 12,22,2024-06-25,19048
comuna 4,96,2024-06-23,36484
comuna 14,34,2024-07-31,5911
comuna 15,52,2024-06-25,33731
comuna 10,31,2024-06-23,16702
comuna 10,39,2024-06-23,10930
comuna 12,67,2024-07-31,49977
comuna 3,15,2024-06-23,9997
comuna 7,96,2024-06-23,455
comuna 16,18,2024-06-23,17608
comuna 3,89,2024-01-30,49690
comuna 11,81,2024-06-25,43335
comuna 3,41,2024-06-25,3069
comuna 9,86,2024-06-25,42833
comuna 7,14,2024-06-25,44503
comuna 6,90,2024-07-31,4256
comuna 8,44,2024-06-25,42379
comuna 16,61,2024-07-31,19395
comuna 15,59,2024-07-31,28926
comuna 10,34,2024-01-30,26771
comuna 7,27,2024-06-23,1113
comuna 10,59,2024-06-25,42197
comuna 6,25,2024-06-25,13154
comuna 9,37,2024-01-30,18507
comuna 6,80,2024-06-23,47195
comuna 7,60,2024-01-30,37496
comuna 11,59,2024-06-25,33997
comuna 3,35,2024-07-31,46382
comuna 8,19,2024-01-30,33935
comuna 11,95,2024-06-23,26371
comuna 15,56,2024-06-23,24284
comuna 13,63,2024-06-23,39476
comuna 5,62,2024-07-31,39690
comuna 5,43,2024-06-23,929
comuna 14,25,2024-01-30,22462
comuna 11,46,2024-06-25,36252
comuna 8,40,2024-06-25,24149
comuna 12,61,2024-01-30,13494
comuna 14,17,2024-06-25,49903
comuna 16,75,2024-06-23,27251
comuna 6,81,2024-06-23,47066
comuna 13,44,2024-01-30,45379
comuna 3,23,2024-01-30,27907
comuna 8,46,2024-06-25,17670
comuna 3,61,2024-01-30,2493
comuna 8,93,2024-06-25,18921
comuna 13,14,2024-07-31,24451
comuna 5,22,2024-06-23,19334
comuna 16,65,2024-06-25,8653
comuna 13,40,2024-07-31,49609
comuna 9,17,2024-01-30,43026
comuna 5,59,2024-06-25,16003
comuna 10,66,2024-07-31,40333
comuna 9,40,2024-01-30,39769
comuna 8,13,2024-06-25,13366
comuna 13,56,2024-06-23,32355
comuna 16,89,2024-06-23,49803
comuna 8,77,2024-07-31,25493
comuna 15,41,2024-06-25,11199
comuna 5,10,2024-06-23,49848
comuna 11,64,2024-07-31,48571
comuna 2,47,2024-06-23,33665
comuna 12,91,2024-06-23,25929
comuna 12,49,2024-07-31,43489
comuna 4,83,2024-06-23,11153
comuna 5,73,2024-06-25,41455
comuna 7,91,2024-07-31,22332
comuna 4,50,2024-01-30,34480
comuna 14,26,2024-06-25,30836
comuna 10,97,2024-06-23,15682
comuna 16,26,2024-07-31,32948
comuna 8,18,2024-07-31,49559
comuna 4,69,2024-06-23,46822
comuna 15,81,2024-06-23,22686
comuna 2,68,2024-06-25,10143
comuna 11,60,2024-07-31,47321
comuna 15,14,2024-07-31,34785
comuna 2,15,2024-07-31,5191
comuna 10,53,2024-06-25,24909
comuna 13,41,2024-01-30,25447
comuna 3,94,2024-07-31,48891
comuna 6,12,2024-07-31,7855
comuna 9,86,2024-01-30,10168
comuna 15,99,2024-06-23,24725
comuna 2,97,2024-01-30,22566
comuna 14,33,2024-07-31,17301
comuna 7,60,2024-06-23,25076
comuna 16,82,2024-06-23,41507
comuna 2,62,2024-06-23,19724
comuna 8,34,2024-06-25,3576
comuna 15,76,2024-06-23,42242
comuna 2,46,2024-06-23,47514
comuna 6,48,2024-07-31,29085
comuna 14,80,2024-07-31,8452
comuna 6,66,2024-07-31,48859
comuna 14,24,2024-06-23,11385
comuna 4,87,2024-01-30,43124
comuna 15,96,2024-07-31,2075
comuna 7,80,2024-06-25,32693
comuna 3,27,2024-01-30,20829
comuna 5,28,2024-01-30,45054
comuna 16,82,2024-06-23,37012
comuna 15,74,2024-01-30,29479
comuna 12,70,2024-07-31,40768
comuna 16,45,2024-06-23,34091
comuna 5,94,2024-01-30,12033
comuna 6,32,2024-07-31,26568
comuna 9,83,2024-06-25,17890
comuna 10,54,2024-01-30,41769
comuna 4,55,2024-01-30,12892
comuna 4,46,2024-07-31,896
comuna 12,33,2024-06-23,14500
comuna 2,67,2024-06-23,19466
comuna 2,12,2024-07-31,7309
comuna 11,54,2024-06-25,21857
comuna 12,33,2024-06-25,39131
comuna 6,56,2024-07-31,8231
comuna 5,66,2024-07-31,25434
comuna 13,83,2024-06-23,39126
comuna 3,80,2024-06-25,36185
comuna 10,75,2024-06-25,30757
comuna 2,64,2024-06-25,18049
comuna 1,90,2024-06-25,10058
comuna 2,35,2024-06-25,26567
comuna 6,24,2024-07-31,44068
comuna 15,84,2024-06-23,12266
comuna 10,26,2024-07-31,20491
comuna 4,66,2024-07-31,5325
comuna 16,60,2024-07-31,32148
comuna 3,79,2024-01-30,14141
comuna 12,78,2024-06-23,6080
comuna 10,93,2024-06-25,32495
comuna 7,20,2024-01-30,820
comuna 14,18,2024-01-30,5521
comuna 4,34,2024-06-25,27505
comuna 3,96,2024-07-31,12281
comuna 4,13,2024-01-30,942
comuna 9,77,2024-06-25,10540
comuna 11,69,2024-01-30,22201
comuna 2,89,2024-07-31,34313
comuna 5,57,2024-01-30,37650
comuna 8,93,2024-06-23,2786
comuna 3,56,2024-07-31,40188
comuna 7,32,2024-06-23,13102
comuna 2,83,2024-01-30,47158
comuna 1,23,2024-06-25,12295
comuna 11,33,2024-06-23,14429
comuna 5,79,2024-06-25,33323
comuna 8,72,2024-06-23,17314
comuna 1,14,2024-06-25,20538
comuna 16,25,2024-01-30,15574
comuna 16,11,2024-06-25,24666
comuna 5,54,2024-06-23,21819
comuna 14,30,2024-06-23,16184
comuna 8,32,2024-01-30,30785
comuna 6,25,2024-01-30,6873
comuna 6,11,2024-06-23,15268
comuna 7,43,2024-06-25,40321
comuna 4,23,2024-01-30,39785
comuna 3,32,2024-06-25,31603
comuna 15,91,2024-01-30,19927
comuna 6,35,2024-06-23,32270
comuna 16,97,2024-07-31,31877
comuna 15,71,2024-07-31,29545
comuna 10,94,2024-07-31,46256
comuna 5,19,2024-06-23,35268
comuna 2,50,2024-06-23,5377
comuna 2,40,2024-01-30,38192
comuna 9,49,2024-07-31,46785
comuna 5,49,2024-06-23,44018
comuna 3,98,2024-01-30,17187
comuna 9,44,2024-06-23,11908
comuna 6,16,2024-07-31,14220
comuna 15,28,2024-06-23,19644
comuna 16,71,2024-07-31,34089
comuna 4,64,2024-07-31,8206
comuna 3,65,2024-01-30,35573
comuna 7,14,2024-06-23,32946
comuna 3,39,2024-06-25,32184
